timestamp,index,name,utilization.gpu [%],memory.used [MiB],memory.total [MiB]
2025/02/10 16:19:45.823, 0, NVIDIA A100-SXM4-40GB, 0 %, 1 MiB, 40960 MiB
2025/02/10 16:19:45.824, 1, NVIDIA A100-SXM4-40GB, 0 %, 1 MiB, 40960 MiB
2025/02/10 16:19:45.824, 2, NVIDIA A100-SXM4-40GB, 0 %, 1 MiB, 40960 MiB
2025/02/10 16:19:45.825, 3, NVIDIA A100-SXM4-40GB, 0 %, 1 MiB, 40960 MiB
2025/02/10 16:19:50.949, 0, NVIDIA A100-SXM4-40GB, 0 %, 2 MiB, 40960 MiB
2025/02/10 16:19:50.950, 1, NVIDIA A100-SXM4-40GB, 0 %, 1 MiB, 40960 MiB
2025/02/10 16:19:50.955, 2, NVIDIA A100-SXM4-40GB, 0 %, 1 MiB, 40960 MiB
2025/02/10 16:19:50.956, 3, NVIDIA A100-SXM4-40GB, 0 %, 1 MiB, 40960 MiB
2025/02/10 16:19:56.091, 0, NVIDIA A100-SXM4-40GB, 0 %, 425 MiB, 40960 MiB
2025/02/10 16:19:56.092, 1, NVIDIA A100-SXM4-40GB, 0 %, 425 MiB, 40960 MiB
2025/02/10 16:19:56.093, 2, NVIDIA A100-SXM4-40GB, 0 %, 425 MiB, 40960 MiB
2025/02/10 16:19:56.093, 3, NVIDIA A100-SXM4-40GB, 0 %, 425 MiB, 40960 MiB
2025/02/10 16:20:01.180, 0, NVIDIA A100-SXM4-40GB, 0 %, 425 MiB, 40960 MiB
2025/02/10 16:20:01.181, 1, NVIDIA A100-SXM4-40GB, 0 %, 425 MiB, 40960 MiB
2025/02/10 16:20:01.182, 2, NVIDIA A100-SXM4-40GB, 0 %, 425 MiB, 40960 MiB
2025/02/10 16:20:01.184, 3, NVIDIA A100-SXM4-40GB, 0 %, 425 MiB, 40960 MiB
2025/02/10 16:20:06.272, 0, NVIDIA A100-SXM4-40GB, 0 %, 425 MiB, 40960 MiB
2025/02/10 16:20:06.273, 1, NVIDIA A100-SXM4-40GB, 0 %, 425 MiB, 40960 MiB
2025/02/10 16:20:06.273, 2, NVIDIA A100-SXM4-40GB, 0 %, 425 MiB, 40960 MiB
2025/02/10 16:20:06.274, 3, NVIDIA A100-SXM4-40GB, 0 %, 425 MiB, 40960 MiB
2025/02/10 16:20:11.374, 0, NVIDIA A100-SXM4-40GB, 0 %, 425 MiB, 40960 MiB
2025/02/10 16:20:11.374, 1, NVIDIA A100-SXM4-40GB, 0 %, 425 MiB, 40960 MiB
2025/02/10 16:20:11.375, 2, NVIDIA A100-SXM4-40GB, 0 %, 425 MiB, 40960 MiB
2025/02/10 16:20:11.375, 3, NVIDIA A100-SXM4-40GB, 0 %, 425 MiB, 40960 MiB
2025/02/10 16:20:16.464, 0, NVIDIA A100-SXM4-40GB, 0 %, 425 MiB, 40960 MiB
2025/02/10 16:20:16.465, 1, NVIDIA A100-SXM4-40GB, 0 %, 425 MiB, 40960 MiB
2025/02/10 16:20:16.468, 2, NVIDIA A100-SXM4-40GB, 0 %, 425 MiB, 40960 MiB
2025/02/10 16:20:16.468, 3, NVIDIA A100-SXM4-40GB, 0 %, 425 MiB, 40960 MiB
2025/02/10 16:20:21.555, 0, NVIDIA A100-SXM4-40GB, 0 %, 425 MiB, 40960 MiB
2025/02/10 16:20:21.556, 1, NVIDIA A100-SXM4-40GB, 0 %, 425 MiB, 40960 MiB
2025/02/10 16:20:21.556, 2, NVIDIA A100-SXM4-40GB, 0 %, 425 MiB, 40960 MiB
2025/02/10 16:20:21.557, 3, NVIDIA A100-SXM4-40GB, 0 %, 425 MiB, 40960 MiB
2025/02/10 16:20:26.655, 0, NVIDIA A100-SXM4-40GB, 0 %, 425 MiB, 40960 MiB
2025/02/10 16:20:26.656, 1, NVIDIA A100-SXM4-40GB, 0 %, 425 MiB, 40960 MiB
2025/02/10 16:20:26.656, 2, NVIDIA A100-SXM4-40GB, 0 %, 425 MiB, 40960 MiB
2025/02/10 16:20:26.656, 3, NVIDIA A100-SXM4-40GB, 0 %, 425 MiB, 40960 MiB
2025/02/10 16:20:31.754, 0, NVIDIA A100-SXM4-40GB, 0 %, 425 MiB, 40960 MiB
2025/02/10 16:20:31.755, 1, NVIDIA A100-SXM4-40GB, 0 %, 425 MiB, 40960 MiB
2025/02/10 16:20:31.755, 2, NVIDIA A100-SXM4-40GB, 0 %, 425 MiB, 40960 MiB
2025/02/10 16:20:31.756, 3, NVIDIA A100-SXM4-40GB, 0 %, 425 MiB, 40960 MiB
2025/02/10 16:20:36.854, 0, NVIDIA A100-SXM4-40GB, 0 %, 425 MiB, 40960 MiB
2025/02/10 16:20:36.855, 1, NVIDIA A100-SXM4-40GB, 0 %, 425 MiB, 40960 MiB
2025/02/10 16:20:36.855, 2, NVIDIA A100-SXM4-40GB, 0 %, 425 MiB, 40960 MiB
2025/02/10 16:20:36.855, 3, NVIDIA A100-SXM4-40GB, 0 %, 425 MiB, 40960 MiB
2025/02/10 16:20:41.956, 0, NVIDIA A100-SXM4-40GB, 0 %, 425 MiB, 40960 MiB
2025/02/10 16:20:41.957, 1, NVIDIA A100-SXM4-40GB, 0 %, 425 MiB, 40960 MiB
2025/02/10 16:20:41.957, 2, NVIDIA A100-SXM4-40GB, 0 %, 425 MiB, 40960 MiB
2025/02/10 16:20:41.958, 3, NVIDIA A100-SXM4-40GB, 0 %, 425 MiB, 40960 MiB
2025/02/10 16:20:47.044, 0, NVIDIA A100-SXM4-40GB, 0 %, 425 MiB, 40960 MiB
2025/02/10 16:20:47.045, 1, NVIDIA A100-SXM4-40GB, 0 %, 425 MiB, 40960 MiB
2025/02/10 16:20:47.045, 2, NVIDIA A100-SXM4-40GB, 0 %, 425 MiB, 40960 MiB
2025/02/10 16:20:47.046, 3, NVIDIA A100-SXM4-40GB, 0 %, 425 MiB, 40960 MiB
2025/02/10 16:20:52.132, 0, NVIDIA A100-SXM4-40GB, 0 %, 425 MiB, 40960 MiB
2025/02/10 16:20:52.134, 1, NVIDIA A100-SXM4-40GB, 0 %, 425 MiB, 40960 MiB
2025/02/10 16:20:52.135, 2, NVIDIA A100-SXM4-40GB, 0 %, 425 MiB, 40960 MiB
2025/02/10 16:20:52.135, 3, NVIDIA A100-SXM4-40GB, 0 %, 425 MiB, 40960 MiB
2025/02/10 16:20:57.235, 0, NVIDIA A100-SXM4-40GB, 0 %, 425 MiB, 40960 MiB
2025/02/10 16:20:57.236, 1, NVIDIA A100-SXM4-40GB, 0 %, 425 MiB, 40960 MiB
2025/02/10 16:20:57.236, 2, NVIDIA A100-SXM4-40GB, 0 %, 425 MiB, 40960 MiB
2025/02/10 16:20:57.237, 3, NVIDIA A100-SXM4-40GB, 0 %, 425 MiB, 40960 MiB
2025/02/10 16:21:02.337, 0, NVIDIA A100-SXM4-40GB, 0 %, 425 MiB, 40960 MiB
2025/02/10 16:21:02.337, 1, NVIDIA A100-SXM4-40GB, 0 %, 425 MiB, 40960 MiB
2025/02/10 16:21:02.338, 2, NVIDIA A100-SXM4-40GB, 0 %, 425 MiB, 40960 MiB
2025/02/10 16:21:02.338, 3, NVIDIA A100-SXM4-40GB, 0 %, 425 MiB, 40960 MiB
2025/02/10 16:21:07.439, 0, NVIDIA A100-SXM4-40GB, 0 %, 425 MiB, 40960 MiB
2025/02/10 16:21:07.440, 1, NVIDIA A100-SXM4-40GB, 0 %, 425 MiB, 40960 MiB
2025/02/10 16:21:07.440, 2, NVIDIA A100-SXM4-40GB, 0 %, 425 MiB, 40960 MiB
2025/02/10 16:21:07.441, 3, NVIDIA A100-SXM4-40GB, 0 %, 425 MiB, 40960 MiB
2025/02/10 16:21:12.529, 0, NVIDIA A100-SXM4-40GB, 0 %, 425 MiB, 40960 MiB
2025/02/10 16:21:12.530, 1, NVIDIA A100-SXM4-40GB, 0 %, 425 MiB, 40960 MiB
2025/02/10 16:21:12.530, 2, NVIDIA A100-SXM4-40GB, 0 %, 425 MiB, 40960 MiB
2025/02/10 16:21:12.530, 3, NVIDIA A100-SXM4-40GB, 0 %, 425 MiB, 40960 MiB
2025/02/10 16:21:17.635, 0, NVIDIA A100-SXM4-40GB, 0 %, 425 MiB, 40960 MiB
2025/02/10 16:21:17.637, 1, NVIDIA A100-SXM4-40GB, 0 %, 425 MiB, 40960 MiB
2025/02/10 16:21:17.638, 2, NVIDIA A100-SXM4-40GB, 0 %, 425 MiB, 40960 MiB
2025/02/10 16:21:17.638, 3, NVIDIA A100-SXM4-40GB, 0 %, 425 MiB, 40960 MiB
2025/02/10 16:21:22.724, 0, NVIDIA A100-SXM4-40GB, 0 %, 425 MiB, 40960 MiB
2025/02/10 16:21:22.725, 1, NVIDIA A100-SXM4-40GB, 0 %, 425 MiB, 40960 MiB
2025/02/10 16:21:22.726, 2, NVIDIA A100-SXM4-40GB, 0 %, 425 MiB, 40960 MiB
2025/02/10 16:21:22.727, 3, NVIDIA A100-SXM4-40GB, 0 %, 425 MiB, 40960 MiB
2025/02/10 16:21:27.817, 0, NVIDIA A100-SXM4-40GB, 0 %, 425 MiB, 40960 MiB
2025/02/10 16:21:27.818, 1, NVIDIA A100-SXM4-40GB, 0 %, 425 MiB, 40960 MiB
2025/02/10 16:21:27.818, 2, NVIDIA A100-SXM4-40GB, 0 %, 425 MiB, 40960 MiB
2025/02/10 16:21:27.819, 3, NVIDIA A100-SXM4-40GB, 0 %, 425 MiB, 40960 MiB
2025/02/10 16:21:32.918, 0, NVIDIA A100-SXM4-40GB, 0 %, 425 MiB, 40960 MiB
2025/02/10 16:21:32.918, 1, NVIDIA A100-SXM4-40GB, 0 %, 425 MiB, 40960 MiB
2025/02/10 16:21:32.919, 2, NVIDIA A100-SXM4-40GB, 0 %, 425 MiB, 40960 MiB
2025/02/10 16:21:32.919, 3, NVIDIA A100-SXM4-40GB, 0 %, 425 MiB, 40960 MiB
2025/02/10 16:21:38.018, 0, NVIDIA A100-SXM4-40GB, 0 %, 425 MiB, 40960 MiB
2025/02/10 16:21:38.019, 1, NVIDIA A100-SXM4-40GB, 0 %, 425 MiB, 40960 MiB
2025/02/10 16:21:38.019, 2, NVIDIA A100-SXM4-40GB, 0 %, 425 MiB, 40960 MiB
2025/02/10 16:21:38.020, 3, NVIDIA A100-SXM4-40GB, 0 %, 425 MiB, 40960 MiB
2025/02/10 16:21:43.119, 0, NVIDIA A100-SXM4-40GB, 0 %, 425 MiB, 40960 MiB
2025/02/10 16:21:43.120, 1, NVIDIA A100-SXM4-40GB, 0 %, 425 MiB, 40960 MiB
2025/02/10 16:21:43.120, 2, NVIDIA A100-SXM4-40GB, 0 %, 425 MiB, 40960 MiB
2025/02/10 16:21:43.120, 3, NVIDIA A100-SXM4-40GB, 0 %, 425 MiB, 40960 MiB
2025/02/10 16:21:48.223, 0, NVIDIA A100-SXM4-40GB, 0 %, 425 MiB, 40960 MiB
2025/02/10 16:21:48.223, 1, NVIDIA A100-SXM4-40GB, 0 %, 425 MiB, 40960 MiB
2025/02/10 16:21:48.224, 2, NVIDIA A100-SXM4-40GB, 0 %, 425 MiB, 40960 MiB
2025/02/10 16:21:48.224, 3, NVIDIA A100-SXM4-40GB, 0 %, 425 MiB, 40960 MiB
2025/02/10 16:21:53.310, 0, NVIDIA A100-SXM4-40GB, 0 %, 425 MiB, 40960 MiB
2025/02/10 16:21:53.311, 1, NVIDIA A100-SXM4-40GB, 0 %, 425 MiB, 40960 MiB
2025/02/10 16:21:53.311, 2, NVIDIA A100-SXM4-40GB, 0 %, 425 MiB, 40960 MiB
2025/02/10 16:21:53.312, 3, NVIDIA A100-SXM4-40GB, 0 %, 425 MiB, 40960 MiB
2025/02/10 16:21:58.410, 0, NVIDIA A100-SXM4-40GB, 0 %, 425 MiB, 40960 MiB
2025/02/10 16:21:58.411, 1, NVIDIA A100-SXM4-40GB, 0 %, 425 MiB, 40960 MiB
2025/02/10 16:21:58.411, 2, NVIDIA A100-SXM4-40GB, 0 %, 425 MiB, 40960 MiB
2025/02/10 16:21:58.412, 3, NVIDIA A100-SXM4-40GB, 0 %, 425 MiB, 40960 MiB
2025/02/10 16:22:03.509, 0, NVIDIA A100-SXM4-40GB, 0 %, 425 MiB, 40960 MiB
2025/02/10 16:22:03.511, 1, NVIDIA A100-SXM4-40GB, 0 %, 425 MiB, 40960 MiB
2025/02/10 16:22:03.512, 2, NVIDIA A100-SXM4-40GB, 0 %, 425 MiB, 40960 MiB
2025/02/10 16:22:03.512, 3, NVIDIA A100-SXM4-40GB, 0 %, 425 MiB, 40960 MiB
2025/02/10 16:22:08.611, 0, NVIDIA A100-SXM4-40GB, 0 %, 425 MiB, 40960 MiB
2025/02/10 16:22:08.611, 1, NVIDIA A100-SXM4-40GB, 0 %, 425 MiB, 40960 MiB
2025/02/10 16:22:08.612, 2, NVIDIA A100-SXM4-40GB, 0 %, 425 MiB, 40960 MiB
2025/02/10 16:22:08.612, 3, NVIDIA A100-SXM4-40GB, 0 %, 425 MiB, 40960 MiB
2025/02/10 16:22:13.699, 0, NVIDIA A100-SXM4-40GB, 0 %, 425 MiB, 40960 MiB
2025/02/10 16:22:13.699, 1, NVIDIA A100-SXM4-40GB, 0 %, 425 MiB, 40960 MiB
2025/02/10 16:22:13.700, 2, NVIDIA A100-SXM4-40GB, 0 %, 425 MiB, 40960 MiB
2025/02/10 16:22:13.700, 3, NVIDIA A100-SXM4-40GB, 0 %, 425 MiB, 40960 MiB
2025/02/10 16:22:18.788, 0, NVIDIA A100-SXM4-40GB, 0 %, 425 MiB, 40960 MiB
2025/02/10 16:22:18.789, 1, NVIDIA A100-SXM4-40GB, 0 %, 425 MiB, 40960 MiB
2025/02/10 16:22:18.789, 2, NVIDIA A100-SXM4-40GB, 0 %, 425 MiB, 40960 MiB
2025/02/10 16:22:18.790, 3, NVIDIA A100-SXM4-40GB, 0 %, 425 MiB, 40960 MiB
2025/02/10 16:22:23.895, 0, NVIDIA A100-SXM4-40GB, 0 %, 425 MiB, 40960 MiB
2025/02/10 16:22:23.896, 1, NVIDIA A100-SXM4-40GB, 0 %, 425 MiB, 40960 MiB
2025/02/10 16:22:23.896, 2, NVIDIA A100-SXM4-40GB, 0 %, 425 MiB, 40960 MiB
2025/02/10 16:22:23.897, 3, NVIDIA A100-SXM4-40GB, 0 %, 425 MiB, 40960 MiB
2025/02/10 16:22:28.985, 0, NVIDIA A100-SXM4-40GB, 0 %, 425 MiB, 40960 MiB
2025/02/10 16:22:28.985, 1, NVIDIA A100-SXM4-40GB, 0 %, 425 MiB, 40960 MiB
2025/02/10 16:22:28.986, 2, NVIDIA A100-SXM4-40GB, 0 %, 425 MiB, 40960 MiB
2025/02/10 16:22:28.986, 3, NVIDIA A100-SXM4-40GB, 0 %, 425 MiB, 40960 MiB
2025/02/10 16:22:34.084, 0, NVIDIA A100-SXM4-40GB, 0 %, 425 MiB, 40960 MiB
2025/02/10 16:22:34.085, 1, NVIDIA A100-SXM4-40GB, 0 %, 425 MiB, 40960 MiB
2025/02/10 16:22:34.085, 2, NVIDIA A100-SXM4-40GB, 0 %, 425 MiB, 40960 MiB
2025/02/10 16:22:34.086, 3, NVIDIA A100-SXM4-40GB, 0 %, 425 MiB, 40960 MiB
2025/02/10 16:22:39.174, 0, NVIDIA A100-SXM4-40GB, 0 %, 425 MiB, 40960 MiB
2025/02/10 16:22:39.175, 1, NVIDIA A100-SXM4-40GB, 0 %, 425 MiB, 40960 MiB
2025/02/10 16:22:39.175, 2, NVIDIA A100-SXM4-40GB, 0 %, 425 MiB, 40960 MiB
2025/02/10 16:22:39.176, 3, NVIDIA A100-SXM4-40GB, 0 %, 425 MiB, 40960 MiB
2025/02/10 16:22:44.267, 0, NVIDIA A100-SXM4-40GB, 0 %, 425 MiB, 40960 MiB
2025/02/10 16:22:44.268, 1, NVIDIA A100-SXM4-40GB, 0 %, 425 MiB, 40960 MiB
2025/02/10 16:22:44.269, 2, NVIDIA A100-SXM4-40GB, 0 %, 425 MiB, 40960 MiB
2025/02/10 16:22:44.269, 3, NVIDIA A100-SXM4-40GB, 0 %, 425 MiB, 40960 MiB
2025/02/10 16:22:49.358, 0, NVIDIA A100-SXM4-40GB, 0 %, 425 MiB, 40960 MiB
2025/02/10 16:22:49.359, 1, NVIDIA A100-SXM4-40GB, 0 %, 425 MiB, 40960 MiB
2025/02/10 16:22:49.359, 2, NVIDIA A100-SXM4-40GB, 0 %, 425 MiB, 40960 MiB
2025/02/10 16:22:49.359, 3, NVIDIA A100-SXM4-40GB, 0 %, 425 MiB, 40960 MiB
2025/02/10 16:22:54.450, 0, NVIDIA A100-SXM4-40GB, 0 %, 425 MiB, 40960 MiB
2025/02/10 16:22:54.451, 1, NVIDIA A100-SXM4-40GB, 0 %, 425 MiB, 40960 MiB
2025/02/10 16:22:54.451, 2, NVIDIA A100-SXM4-40GB, 0 %, 425 MiB, 40960 MiB
2025/02/10 16:22:54.452, 3, NVIDIA A100-SXM4-40GB, 0 %, 425 MiB, 40960 MiB
2025/02/10 16:22:59.552, 0, NVIDIA A100-SXM4-40GB, 0 %, 425 MiB, 40960 MiB
2025/02/10 16:22:59.553, 1, NVIDIA A100-SXM4-40GB, 0 %, 425 MiB, 40960 MiB
2025/02/10 16:22:59.553, 2, NVIDIA A100-SXM4-40GB, 0 %, 425 MiB, 40960 MiB
2025/02/10 16:22:59.553, 3, NVIDIA A100-SXM4-40GB, 0 %, 425 MiB, 40960 MiB
2025/02/10 16:23:04.645, 0, NVIDIA A100-SXM4-40GB, 0 %, 425 MiB, 40960 MiB
2025/02/10 16:23:04.645, 1, NVIDIA A100-SXM4-40GB, 0 %, 425 MiB, 40960 MiB
2025/02/10 16:23:04.646, 2, NVIDIA A100-SXM4-40GB, 0 %, 425 MiB, 40960 MiB
2025/02/10 16:23:04.647, 3, NVIDIA A100-SXM4-40GB, 0 %, 425 MiB, 40960 MiB
2025/02/10 16:23:09.737, 0, NVIDIA A100-SXM4-40GB, 0 %, 425 MiB, 40960 MiB
2025/02/10 16:23:09.737, 1, NVIDIA A100-SXM4-40GB, 0 %, 425 MiB, 40960 MiB
2025/02/10 16:23:09.738, 2, NVIDIA A100-SXM4-40GB, 0 %, 425 MiB, 40960 MiB
2025/02/10 16:23:09.738, 3, NVIDIA A100-SXM4-40GB, 0 %, 425 MiB, 40960 MiB
2025/02/10 16:23:14.841, 0, NVIDIA A100-SXM4-40GB, 0 %, 425 MiB, 40960 MiB
2025/02/10 16:23:14.842, 1, NVIDIA A100-SXM4-40GB, 0 %, 425 MiB, 40960 MiB
2025/02/10 16:23:14.842, 2, NVIDIA A100-SXM4-40GB, 0 %, 425 MiB, 40960 MiB
2025/02/10 16:23:14.843, 3, NVIDIA A100-SXM4-40GB, 0 %, 425 MiB, 40960 MiB
2025/02/10 16:23:19.946, 0, NVIDIA A100-SXM4-40GB, 0 %, 425 MiB, 40960 MiB
2025/02/10 16:23:19.947, 1, NVIDIA A100-SXM4-40GB, 0 %, 425 MiB, 40960 MiB
2025/02/10 16:23:19.948, 2, NVIDIA A100-SXM4-40GB, 0 %, 425 MiB, 40960 MiB
2025/02/10 16:23:19.948, 3, NVIDIA A100-SXM4-40GB, 0 %, 425 MiB, 40960 MiB
2025/02/10 16:23:25.049, 0, NVIDIA A100-SXM4-40GB, 0 %, 425 MiB, 40960 MiB
2025/02/10 16:23:25.050, 1, NVIDIA A100-SXM4-40GB, 0 %, 425 MiB, 40960 MiB
2025/02/10 16:23:25.050, 2, NVIDIA A100-SXM4-40GB, 0 %, 425 MiB, 40960 MiB
2025/02/10 16:23:25.051, 3, NVIDIA A100-SXM4-40GB, 0 %, 425 MiB, 40960 MiB
2025/02/10 16:23:30.157, 0, NVIDIA A100-SXM4-40GB, 0 %, 425 MiB, 40960 MiB
2025/02/10 16:23:30.158, 1, NVIDIA A100-SXM4-40GB, 0 %, 425 MiB, 40960 MiB
2025/02/10 16:23:30.159, 2, NVIDIA A100-SXM4-40GB, 0 %, 425 MiB, 40960 MiB
2025/02/10 16:23:30.159, 3, NVIDIA A100-SXM4-40GB, 0 %, 425 MiB, 40960 MiB
2025/02/10 16:23:35.250, 0, NVIDIA A100-SXM4-40GB, 0 %, 425 MiB, 40960 MiB
2025/02/10 16:23:35.251, 1, NVIDIA A100-SXM4-40GB, 0 %, 425 MiB, 40960 MiB
2025/02/10 16:23:35.252, 2, NVIDIA A100-SXM4-40GB, 0 %, 425 MiB, 40960 MiB
2025/02/10 16:23:35.252, 3, NVIDIA A100-SXM4-40GB, 0 %, 425 MiB, 40960 MiB
2025/02/10 16:23:40.341, 0, NVIDIA A100-SXM4-40GB, 0 %, 425 MiB, 40960 MiB
2025/02/10 16:23:40.342, 1, NVIDIA A100-SXM4-40GB, 0 %, 425 MiB, 40960 MiB
2025/02/10 16:23:40.342, 2, NVIDIA A100-SXM4-40GB, 0 %, 425 MiB, 40960 MiB
2025/02/10 16:23:40.342, 3, NVIDIA A100-SXM4-40GB, 0 %, 425 MiB, 40960 MiB
2025/02/10 16:23:45.446, 0, NVIDIA A100-SXM4-40GB, 0 %, 425 MiB, 40960 MiB
2025/02/10 16:23:45.447, 1, NVIDIA A100-SXM4-40GB, 0 %, 425 MiB, 40960 MiB
2025/02/10 16:23:45.448, 2, NVIDIA A100-SXM4-40GB, 0 %, 425 MiB, 40960 MiB
2025/02/10 16:23:45.448, 3, NVIDIA A100-SXM4-40GB, 0 %, 425 MiB, 40960 MiB
2025/02/10 16:23:50.551, 0, NVIDIA A100-SXM4-40GB, 0 %, 425 MiB, 40960 MiB
2025/02/10 16:23:50.552, 1, NVIDIA A100-SXM4-40GB, 0 %, 425 MiB, 40960 MiB
2025/02/10 16:23:50.553, 2, NVIDIA A100-SXM4-40GB, 0 %, 425 MiB, 40960 MiB
2025/02/10 16:23:50.553, 3, NVIDIA A100-SXM4-40GB, 0 %, 425 MiB, 40960 MiB
2025/02/10 16:23:55.643, 0, NVIDIA A100-SXM4-40GB, 0 %, 425 MiB, 40960 MiB
2025/02/10 16:23:55.644, 1, NVIDIA A100-SXM4-40GB, 0 %, 425 MiB, 40960 MiB
2025/02/10 16:23:55.644, 2, NVIDIA A100-SXM4-40GB, 0 %, 425 MiB, 40960 MiB
2025/02/10 16:23:55.645, 3, NVIDIA A100-SXM4-40GB, 0 %, 425 MiB, 40960 MiB
2025/02/10 16:24:00.748, 0, NVIDIA A100-SXM4-40GB, 0 %, 425 MiB, 40960 MiB
2025/02/10 16:24:00.748, 1, NVIDIA A100-SXM4-40GB, 0 %, 425 MiB, 40960 MiB
2025/02/10 16:24:00.749, 2, NVIDIA A100-SXM4-40GB, 0 %, 425 MiB, 40960 MiB
2025/02/10 16:24:00.749, 3, NVIDIA A100-SXM4-40GB, 0 %, 425 MiB, 40960 MiB
2025/02/10 16:24:05.846, 0, NVIDIA A100-SXM4-40GB, 0 %, 425 MiB, 40960 MiB
2025/02/10 16:24:05.847, 1, NVIDIA A100-SXM4-40GB, 0 %, 425 MiB, 40960 MiB
2025/02/10 16:24:05.848, 2, NVIDIA A100-SXM4-40GB, 0 %, 425 MiB, 40960 MiB
2025/02/10 16:24:05.848, 3, NVIDIA A100-SXM4-40GB, 0 %, 425 MiB, 40960 MiB
2025/02/10 16:24:10.960, 0, NVIDIA A100-SXM4-40GB, 0 %, 425 MiB, 40960 MiB
2025/02/10 16:24:10.961, 1, NVIDIA A100-SXM4-40GB, 0 %, 425 MiB, 40960 MiB
2025/02/10 16:24:10.962, 2, NVIDIA A100-SXM4-40GB, 0 %, 425 MiB, 40960 MiB
2025/02/10 16:24:10.962, 3, NVIDIA A100-SXM4-40GB, 0 %, 425 MiB, 40960 MiB
2025/02/10 16:24:16.052, 0, NVIDIA A100-SXM4-40GB, 0 %, 425 MiB, 40960 MiB
2025/02/10 16:24:16.053, 1, NVIDIA A100-SXM4-40GB, 0 %, 425 MiB, 40960 MiB
2025/02/10 16:24:16.054, 2, NVIDIA A100-SXM4-40GB, 0 %, 425 MiB, 40960 MiB
2025/02/10 16:24:16.054, 3, NVIDIA A100-SXM4-40GB, 0 %, 425 MiB, 40960 MiB
2025/02/10 16:24:21.157, 0, NVIDIA A100-SXM4-40GB, 0 %, 425 MiB, 40960 MiB
2025/02/10 16:24:21.157, 1, NVIDIA A100-SXM4-40GB, 0 %, 425 MiB, 40960 MiB
2025/02/10 16:24:21.159, 2, NVIDIA A100-SXM4-40GB, 0 %, 425 MiB, 40960 MiB
2025/02/10 16:24:21.159, 3, NVIDIA A100-SXM4-40GB, 0 %, 425 MiB, 40960 MiB
2025/02/10 16:24:26.249, 0, NVIDIA A100-SXM4-40GB, 0 %, 425 MiB, 40960 MiB
2025/02/10 16:24:26.250, 1, NVIDIA A100-SXM4-40GB, 0 %, 425 MiB, 40960 MiB
2025/02/10 16:24:26.250, 2, NVIDIA A100-SXM4-40GB, 0 %, 425 MiB, 40960 MiB
2025/02/10 16:24:26.250, 3, NVIDIA A100-SXM4-40GB, 0 %, 425 MiB, 40960 MiB
2025/02/10 16:24:31.357, 0, NVIDIA A100-SXM4-40GB, 0 %, 425 MiB, 40960 MiB
2025/02/10 16:24:31.358, 1, NVIDIA A100-SXM4-40GB, 0 %, 425 MiB, 40960 MiB
2025/02/10 16:24:31.359, 2, NVIDIA A100-SXM4-40GB, 0 %, 425 MiB, 40960 MiB
2025/02/10 16:24:31.359, 3, NVIDIA A100-SXM4-40GB, 0 %, 425 MiB, 40960 MiB
2025/02/10 16:24:36.448, 0, NVIDIA A100-SXM4-40GB, 0 %, 425 MiB, 40960 MiB
2025/02/10 16:24:36.449, 1, NVIDIA A100-SXM4-40GB, 0 %, 425 MiB, 40960 MiB
2025/02/10 16:24:36.450, 2, NVIDIA A100-SXM4-40GB, 0 %, 425 MiB, 40960 MiB
2025/02/10 16:24:36.450, 3, NVIDIA A100-SXM4-40GB, 0 %, 425 MiB, 40960 MiB
2025/02/10 16:24:41.554, 0, NVIDIA A100-SXM4-40GB, 0 %, 425 MiB, 40960 MiB
2025/02/10 16:24:41.555, 1, NVIDIA A100-SXM4-40GB, 0 %, 425 MiB, 40960 MiB
2025/02/10 16:24:41.555, 2, NVIDIA A100-SXM4-40GB, 0 %, 425 MiB, 40960 MiB
2025/02/10 16:24:41.556, 3, NVIDIA A100-SXM4-40GB, 0 %, 425 MiB, 40960 MiB
2025/02/10 16:24:46.661, 0, NVIDIA A100-SXM4-40GB, 0 %, 425 MiB, 40960 MiB
2025/02/10 16:24:46.662, 1, NVIDIA A100-SXM4-40GB, 0 %, 425 MiB, 40960 MiB
2025/02/10 16:24:46.665, 2, NVIDIA A100-SXM4-40GB, 0 %, 425 MiB, 40960 MiB
2025/02/10 16:24:46.665, 3, NVIDIA A100-SXM4-40GB, 0 %, 425 MiB, 40960 MiB
2025/02/10 16:24:51.754, 0, NVIDIA A100-SXM4-40GB, 0 %, 425 MiB, 40960 MiB
2025/02/10 16:24:51.755, 1, NVIDIA A100-SXM4-40GB, 0 %, 425 MiB, 40960 MiB
2025/02/10 16:24:51.755, 2, NVIDIA A100-SXM4-40GB, 0 %, 425 MiB, 40960 MiB
2025/02/10 16:24:51.755, 3, NVIDIA A100-SXM4-40GB, 0 %, 425 MiB, 40960 MiB
2025/02/10 16:24:56.845, 0, NVIDIA A100-SXM4-40GB, 40 %, 32893 MiB, 40960 MiB
2025/02/10 16:24:56.846, 1, NVIDIA A100-SXM4-40GB, 0 %, 32893 MiB, 40960 MiB
2025/02/10 16:24:56.847, 2, NVIDIA A100-SXM4-40GB, 0 %, 32893 MiB, 40960 MiB
2025/02/10 16:24:56.847, 3, NVIDIA A100-SXM4-40GB, 0 %, 29285 MiB, 40960 MiB
2025/02/10 16:25:01.938, 0, NVIDIA A100-SXM4-40GB, 3 %, 32893 MiB, 40960 MiB
2025/02/10 16:25:01.940, 1, NVIDIA A100-SXM4-40GB, 0 %, 32893 MiB, 40960 MiB
2025/02/10 16:25:01.940, 2, NVIDIA A100-SXM4-40GB, 0 %, 32893 MiB, 40960 MiB
2025/02/10 16:25:01.941, 3, NVIDIA A100-SXM4-40GB, 0 %, 29285 MiB, 40960 MiB
2025/02/10 16:25:07.038, 0, NVIDIA A100-SXM4-40GB, 1 %, 32893 MiB, 40960 MiB
2025/02/10 16:25:07.038, 1, NVIDIA A100-SXM4-40GB, 0 %, 32893 MiB, 40960 MiB
2025/02/10 16:25:07.039, 2, NVIDIA A100-SXM4-40GB, 0 %, 32893 MiB, 40960 MiB
2025/02/10 16:25:07.039, 3, NVIDIA A100-SXM4-40GB, 0 %, 29285 MiB, 40960 MiB
2025/02/10 16:25:12.128, 0, NVIDIA A100-SXM4-40GB, 3 %, 32893 MiB, 40960 MiB
2025/02/10 16:25:12.129, 1, NVIDIA A100-SXM4-40GB, 0 %, 32893 MiB, 40960 MiB
2025/02/10 16:25:12.130, 2, NVIDIA A100-SXM4-40GB, 0 %, 32893 MiB, 40960 MiB
2025/02/10 16:25:12.130, 3, NVIDIA A100-SXM4-40GB, 0 %, 29285 MiB, 40960 MiB
2025/02/10 16:25:17.217, 0, NVIDIA A100-SXM4-40GB, 0 %, 32893 MiB, 40960 MiB
2025/02/10 16:25:17.217, 1, NVIDIA A100-SXM4-40GB, 40 %, 32893 MiB, 40960 MiB
2025/02/10 16:25:17.218, 2, NVIDIA A100-SXM4-40GB, 0 %, 32893 MiB, 40960 MiB
2025/02/10 16:25:17.218, 3, NVIDIA A100-SXM4-40GB, 0 %, 29285 MiB, 40960 MiB
2025/02/10 16:25:22.309, 0, NVIDIA A100-SXM4-40GB, 0 %, 32893 MiB, 40960 MiB
2025/02/10 16:25:22.310, 1, NVIDIA A100-SXM4-40GB, 0 %, 32893 MiB, 40960 MiB
2025/02/10 16:25:22.310, 2, NVIDIA A100-SXM4-40GB, 4 %, 32893 MiB, 40960 MiB
2025/02/10 16:25:22.310, 3, NVIDIA A100-SXM4-40GB, 0 %, 29285 MiB, 40960 MiB
2025/02/10 16:25:27.412, 0, NVIDIA A100-SXM4-40GB, 0 %, 32893 MiB, 40960 MiB
2025/02/10 16:25:27.413, 1, NVIDIA A100-SXM4-40GB, 0 %, 32893 MiB, 40960 MiB
2025/02/10 16:25:27.413, 2, NVIDIA A100-SXM4-40GB, 0 %, 32893 MiB, 40960 MiB
2025/02/10 16:25:27.414, 3, NVIDIA A100-SXM4-40GB, 0 %, 29285 MiB, 40960 MiB
2025/02/10 16:25:32.502, 0, NVIDIA A100-SXM4-40GB, 0 %, 32893 MiB, 40960 MiB
2025/02/10 16:25:32.503, 1, NVIDIA A100-SXM4-40GB, 0 %, 32893 MiB, 40960 MiB
2025/02/10 16:25:32.503, 2, NVIDIA A100-SXM4-40GB, 1 %, 32893 MiB, 40960 MiB
2025/02/10 16:25:32.504, 3, NVIDIA A100-SXM4-40GB, 0 %, 29285 MiB, 40960 MiB
2025/02/10 16:25:37.593, 0, NVIDIA A100-SXM4-40GB, 0 %, 32893 MiB, 40960 MiB
2025/02/10 16:25:37.594, 1, NVIDIA A100-SXM4-40GB, 0 %, 32893 MiB, 40960 MiB
2025/02/10 16:25:37.595, 2, NVIDIA A100-SXM4-40GB, 4 %, 32893 MiB, 40960 MiB
2025/02/10 16:25:37.595, 3, NVIDIA A100-SXM4-40GB, 0 %, 29285 MiB, 40960 MiB
2025/02/10 16:25:42.697, 0, NVIDIA A100-SXM4-40GB, 0 %, 32893 MiB, 40960 MiB
2025/02/10 16:25:42.698, 1, NVIDIA A100-SXM4-40GB, 0 %, 32893 MiB, 40960 MiB
2025/02/10 16:25:42.698, 2, NVIDIA A100-SXM4-40GB, 1 %, 32893 MiB, 40960 MiB
2025/02/10 16:25:42.699, 3, NVIDIA A100-SXM4-40GB, 0 %, 29285 MiB, 40960 MiB
2025/02/10 16:25:47.796, 0, NVIDIA A100-SXM4-40GB, 0 %, 32893 MiB, 40960 MiB
2025/02/10 16:25:47.797, 1, NVIDIA A100-SXM4-40GB, 0 %, 32893 MiB, 40960 MiB
2025/02/10 16:25:47.797, 2, NVIDIA A100-SXM4-40GB, 4 %, 32893 MiB, 40960 MiB
2025/02/10 16:25:47.797, 3, NVIDIA A100-SXM4-40GB, 0 %, 29285 MiB, 40960 MiB
2025/02/10 16:25:52.889, 0, NVIDIA A100-SXM4-40GB, 0 %, 32893 MiB, 40960 MiB
2025/02/10 16:25:52.890, 1, NVIDIA A100-SXM4-40GB, 0 %, 32893 MiB, 40960 MiB
2025/02/10 16:25:52.890, 2, NVIDIA A100-SXM4-40GB, 4 %, 32893 MiB, 40960 MiB
2025/02/10 16:25:52.891, 3, NVIDIA A100-SXM4-40GB, 0 %, 29285 MiB, 40960 MiB
2025/02/10 16:25:57.982, 0, NVIDIA A100-SXM4-40GB, 0 %, 32893 MiB, 40960 MiB
2025/02/10 16:25:57.983, 1, NVIDIA A100-SXM4-40GB, 0 %, 32893 MiB, 40960 MiB
2025/02/10 16:25:57.983, 2, NVIDIA A100-SXM4-40GB, 4 %, 32893 MiB, 40960 MiB
2025/02/10 16:25:57.984, 3, NVIDIA A100-SXM4-40GB, 0 %, 29285 MiB, 40960 MiB
2025/02/10 16:26:03.076, 0, NVIDIA A100-SXM4-40GB, 0 %, 32893 MiB, 40960 MiB
2025/02/10 16:26:03.076, 1, NVIDIA A100-SXM4-40GB, 0 %, 32893 MiB, 40960 MiB
2025/02/10 16:26:03.077, 2, NVIDIA A100-SXM4-40GB, 4 %, 32893 MiB, 40960 MiB
2025/02/10 16:26:03.077, 3, NVIDIA A100-SXM4-40GB, 0 %, 29285 MiB, 40960 MiB
2025/02/10 16:26:08.167, 0, NVIDIA A100-SXM4-40GB, 0 %, 32893 MiB, 40960 MiB
2025/02/10 16:26:08.168, 1, NVIDIA A100-SXM4-40GB, 0 %, 32893 MiB, 40960 MiB
2025/02/10 16:26:08.169, 2, NVIDIA A100-SXM4-40GB, 60 %, 32893 MiB, 40960 MiB
2025/02/10 16:26:08.169, 3, NVIDIA A100-SXM4-40GB, 0 %, 29285 MiB, 40960 MiB
2025/02/10 16:26:13.256, 0, NVIDIA A100-SXM4-40GB, 0 %, 32893 MiB, 40960 MiB
2025/02/10 16:26:13.257, 1, NVIDIA A100-SXM4-40GB, 0 %, 32893 MiB, 40960 MiB
2025/02/10 16:26:13.257, 2, NVIDIA A100-SXM4-40GB, 0 %, 32893 MiB, 40960 MiB
2025/02/10 16:26:13.257, 3, NVIDIA A100-SXM4-40GB, 0 %, 29285 MiB, 40960 MiB
2025/02/10 16:26:18.352, 0, NVIDIA A100-SXM4-40GB, 0 %, 32893 MiB, 40960 MiB
2025/02/10 16:26:18.353, 1, NVIDIA A100-SXM4-40GB, 0 %, 32893 MiB, 40960 MiB
2025/02/10 16:26:18.354, 2, NVIDIA A100-SXM4-40GB, 0 %, 32893 MiB, 40960 MiB
2025/02/10 16:26:18.354, 3, NVIDIA A100-SXM4-40GB, 0 %, 29285 MiB, 40960 MiB
2025/02/10 16:26:23.438, 0, NVIDIA A100-SXM4-40GB, 1 %, 36019 MiB, 40960 MiB
2025/02/10 16:26:23.439, 1, NVIDIA A100-SXM4-40GB, 0 %, 35827 MiB, 40960 MiB
2025/02/10 16:26:23.439, 2, NVIDIA A100-SXM4-40GB, 0 %, 35827 MiB, 40960 MiB
2025/02/10 16:26:23.439, 3, NVIDIA A100-SXM4-40GB, 0 %, 32025 MiB, 40960 MiB
2025/02/10 16:26:28.535, 0, NVIDIA A100-SXM4-40GB, 0 %, 36019 MiB, 40960 MiB
2025/02/10 16:26:28.536, 1, NVIDIA A100-SXM4-40GB, 0 %, 35843 MiB, 40960 MiB
2025/02/10 16:26:28.537, 2, NVIDIA A100-SXM4-40GB, 0 %, 35843 MiB, 40960 MiB
2025/02/10 16:26:28.537, 3, NVIDIA A100-SXM4-40GB, 0 %, 32041 MiB, 40960 MiB
2025/02/10 16:26:33.619, 0, NVIDIA A100-SXM4-40GB, 0 %, 36019 MiB, 40960 MiB
2025/02/10 16:26:33.620, 1, NVIDIA A100-SXM4-40GB, 0 %, 35843 MiB, 40960 MiB
2025/02/10 16:26:33.620, 2, NVIDIA A100-SXM4-40GB, 0 %, 35843 MiB, 40960 MiB
2025/02/10 16:26:33.621, 3, NVIDIA A100-SXM4-40GB, 0 %, 32041 MiB, 40960 MiB
2025/02/10 16:26:38.703, 0, NVIDIA A100-SXM4-40GB, 0 %, 36019 MiB, 40960 MiB
2025/02/10 16:26:38.754, 1, NVIDIA A100-SXM4-40GB, 0 %, 35843 MiB, 40960 MiB
2025/02/10 16:26:38.754, 2, NVIDIA A100-SXM4-40GB, 0 %, 35843 MiB, 40960 MiB
2025/02/10 16:26:38.755, 3, NVIDIA A100-SXM4-40GB, 0 %, 32041 MiB, 40960 MiB
2025/02/10 16:26:43.862, 0, NVIDIA A100-SXM4-40GB, 56 %, 36181 MiB, 40960 MiB
2025/02/10 16:26:43.863, 1, NVIDIA A100-SXM4-40GB, 0 %, 35843 MiB, 40960 MiB
2025/02/10 16:26:43.864, 2, NVIDIA A100-SXM4-40GB, 0 %, 35843 MiB, 40960 MiB
2025/02/10 16:26:43.864, 3, NVIDIA A100-SXM4-40GB, 0 %, 32041 MiB, 40960 MiB
2025/02/10 16:26:48.954, 0, NVIDIA A100-SXM4-40GB, 34 %, 36181 MiB, 40960 MiB
2025/02/10 16:26:48.955, 1, NVIDIA A100-SXM4-40GB, 0 %, 35843 MiB, 40960 MiB
2025/02/10 16:26:48.956, 2, NVIDIA A100-SXM4-40GB, 0 %, 35843 MiB, 40960 MiB
2025/02/10 16:26:48.956, 3, NVIDIA A100-SXM4-40GB, 0 %, 32041 MiB, 40960 MiB
2025/02/10 16:26:54.061, 0, NVIDIA A100-SXM4-40GB, 1 %, 36181 MiB, 40960 MiB
2025/02/10 16:26:54.064, 1, NVIDIA A100-SXM4-40GB, 7 %, 36005 MiB, 40960 MiB
2025/02/10 16:26:54.064, 2, NVIDIA A100-SXM4-40GB, 5 %, 36005 MiB, 40960 MiB
2025/02/10 16:26:54.065, 3, NVIDIA A100-SXM4-40GB, 0 %, 32203 MiB, 40960 MiB
2025/02/10 16:26:59.159, 0, NVIDIA A100-SXM4-40GB, 0 %, 36181 MiB, 40960 MiB
2025/02/10 16:26:59.160, 1, NVIDIA A100-SXM4-40GB, 9 %, 36005 MiB, 40960 MiB
2025/02/10 16:26:59.160, 2, NVIDIA A100-SXM4-40GB, 9 %, 36005 MiB, 40960 MiB
2025/02/10 16:26:59.160, 3, NVIDIA A100-SXM4-40GB, 0 %, 32203 MiB, 40960 MiB
